{
    "locations": {
      "中国": [104.195397, 35.861660],
      "China": [104.195397, 35.861660],
      "香港": [114.165460, 22.386731],
      "Hong Kong": [114.165460, 22.386731],
      "台湾": [120.960515, 23.697810],
      "Taiwan": [120.960515, 23.697810],
      "澳门": [113.549090, 22.198951],
      "Macao": [113.549090, 22.198951],
      "日本": [138.252924, 36.204824],
      "Japan": [138.252924, 36.204824],
      "韩国": [127.766922, 35.907757],
      "South Korea": [127.766922, 35.907757],
      "Korea": [127.766922, 35.907757],
      "新加坡": [103.819836, 1.352083],
      "Singapore": [103.819836, 1.352083],
      "马来西亚": [101.975766, 4.210484],
      "Malaysia": [101.975766, 4.210484],
      "泰国": [100.992541, 15.870032],
      "Thailand": [100.992541, 15.870032],
      "越南": [108.277199, 14.058324],
      "Vietnam": [108.277199, 14.058324],
      "菲律宾": [121.774017, 12.879721],
      "Philippines": [121.774017, 12.879721],
      "印度尼西亚": [113.921327, -0.789275],
      "Indonesia": [113.921327, -0.789275],
      "印度": [78.962880, 20.593684],
      "India": [78.962880, 20.593684],
      "巴基斯坦": [69.345116, 30.375321],
      "Pakistan": [69.345116, 30.375321],
      "孟加拉国": [90.356331, 23.684994],
      "Bangladesh": [90.356331, 23.684994],
      "斯里兰卡": [80.771797, 7.873054],
      "Sri Lanka": [80.771797, 7.873054],
      "尼泊尔": [84.124008, 28.394857],
      "Nepal": [84.124008, 28.394857],
      "不丹": [90.433601, 27.514162],
      "Bhutan": [90.433601, 27.514162],
      "马尔代夫": [73.220680, 3.202778],
      "Maldives": [73.220680, 3.202778],
      "阿富": [67.709953, 33.939110],
      "Afghanistan": [67.709953, 33.939110],
      "哈萨克斯坦": [66.923684, 48.019573],
      "Kazakhstan": [66.923684, 48.019573],
      "乌兹别克斯坦": [64.585262, 41.377491],
      "Uzbekistan": [64.585262, 41.377491],
      "土库曼斯坦": [59.556278, 38.969719],
      "Turkmenistan": [59.556278, 38.969719],
      "塔吉克斯坦": [71.276093, 38.861034],
      "Tajikistan": [71.276093, 38.861034],
      "吉尔吉斯斯坦": [74.766095, 41.204380],
      "Kyrgyzstan": [74.766095, 41.204380],
      "俄罗斯": [105.318756, 61.524010],
      "Russia": [105.318756, 61.524010],
      "蒙古": [102.876004, 46.862496],
      "Mongolia": [102.876004, 46.862496],
      "朝鲜": [127.510093, 40.339852],
      "North Korea": [127.510093, 40.339852],
      "美国": [-98.579500, 39.828300],
      "United States": [-98.579500, 39.828300],
      "加拿大": [-106.346771, 56.130366],
      "Canada": [-106.346771, 56.130366],
      "墨西哥": [-102.552784, 23.634501],
      "Mexico": [-102.552784, 23.634501],
      "格陵兰": [-41.330000, 71.710000],
      "Greenland": [-41.330000, 71.710000],
      "巴西": [-51.925280, -14.235004],
      "Brazil": [-51.925280, -14.235004],
      "阿根廷": [-63.616672, -38.416097],
      "Argentina": [-63.616672, -38.416097],
      "智利": [-71.542969, -35.675147],
      "Chile": [-71.542969, -35.675147],
      "秘鲁": [-75.015152, -9.189967],
      "Peru": [-75.015152, -9.189967],
      "哥伦比亚": [-74.297333, 4.570868],
      "Colombia": [-74.297333, 4.570868],
      "委内瑞拉": [-66.589730, 6.423750],
      "Venezuela": [-66.589730, 6.423750],
      "玻利维亚": [-63.588654, -16.290154],
      "Bolivia": [-63.588654, -16.290154],
      "厄瓜多尔": [-78.183406, -1.831239],
      "Ecuador": [-78.183406, -1.831239],
      "圭亚那": [-58.930180, 4.860416],
      "Guyana": [-58.930180, 4.860416],
      "苏里南": [-56.027783, 3.919305],
      "Suriname": [-56.027783, 3.919305],
      "法属圭亚那": [-53.125759, 3.933889],
      "French Guiana": [-53.125759, 3.933889],
      "乌拉圭": [-55.765835, -32.522779],
      "Uruguay": [-55.765835, -32.522779],
      "巴拉圭": [-58.443832, -23.442503],
      "Paraguay": [-58.443832, -23.442503],
      "英国": [-0.127758, 51.507351],
      "United Kingdom": [-0.127758, 51.507351],
      "爱尔兰": [-8.243890, 53.412910],
      "Ireland": [-8.243890, 53.412910],
      "荷兰": [5.291266, 52.132633],
      "Netherlands": [5.291266, 52.132633],
      "比利时": [4.469936, 50.503887],
      "Belgium": [4.469936, 50.503887],
      "卢森堡": [6.129583, 49.815273],
      "Luxembourg": [6.129583, 49.815273],
      "法国": [2.352222, 48.856614],
      "France": [2.352222, 48.856614],
      "德国": [10.451526, 51.165691],
      "Germany": [10.451526, 51.165691],
      "瑞士": [8.227512, 46.818188],
      "Switzerland": [8.227512, 46.818188],
      "奥地利": [14.550072, 47.516231],
      "Austria": [14.550072, 47.516231],
      "意大利": [12.567380, 41.871940],
      "Italy": [12.567380, 41.871940],
      "西班牙": [-3.749220, 40.463667],
      "Spain": [-3.749220, 40.463667],
      "葡萄牙": [-8.224454, 39.399872],
      "Portugal": [-8.224454, 39.399872],
      "希腊": [21.824312, 39.074208],
      "Greece": [21.824312, 39.074208],
      "挪威": [8.468946, 60.472024],
      "Norway": [8.468946, 60.472024],
      "瑞典": [18.643501, 60.128161],
      "Sweden": [18.643501, 60.128161],
      "芬兰": [25.748151, 61.924110],
      "Finland": [25.748151, 61.924110],
      "丹麦": [9.501785, 56.263920],
      "Denmark": [9.501785, 56.263920],
      "冰岛": [-19.020835, 64.963051],
      "Iceland": [-19.020835, 64.963051],
      "波兰": [19.145136, 51.919438],
      "Poland": [19.145136, 51.919438],
      "捷克": [15.472962, 49.817492],
      "Czech Republic": [15.472962, 49.817492],
      "斯洛伐克": [19.699024, 48.669026],
      "Slovakia": [19.699024, 48.669026],
      "匈牙利": [19.503304, 47.162494],
      "Hungary": [19.503304, 47.162494],
      "罗马尼亚": [24.966760, 45.943161],
      "Romania": [24.966760, 45.943161],
      "保加利亚": [25.485830, 42.733883],
      "Bulgaria": [25.485830, 42.733883],
      "克罗地亚": [15.200000, 45.100000],
      "Croatia": [15.200000, 45.100000],
      "斯洛文尼亚": [14.995463, 46.151241],
      "Slovenia": [14.995463, 46.151241],
      "波黑": [17.679076, 43.915886],
      "Bosnia and Herzegovina": [17.679076, 43.915886],
      "塞尔维亚": [21.005859, 44.016521],
      "Serbia": [21.005859, 44.016521],
      "黑山": [19.374390, 42.708678],
      "Montenegro": [19.374390, 42.708678],
      "北马其顿": [21.745275, 41.608635],
      "North Macedonia": [21.745275, 41.608635],
      "阿尔巴尼亚": [20.168331, 41.153332],
      "Albania": [20.168331, 41.153332],
      "土耳其": [35.243322, 38.963745],
      "Turkey": [35.243322, 38.963745],
      "塞浦路斯": [33.429859, 35.126413],
      "Cyprus": [33.429859, 35.126413],
      "埃及": [30.802498, 26.820553],
      "Egypt": [30.802498, 26.820553],
      "南非": [22.937506, -30.559482],
      "South Africa": [22.937506, -30.559482],
      "摩洛哥": [-7.092620, 31.791702],
      "Morocco": [-7.092620, 31.791702],
      "阿尔及利亚": [1.659626, 28.033886],
      "Algeria": [1.659626, 28.033886],
      "突尼斯": [9.850000, 34.000000],
      "Tunisia": [9.850000, 34.000000],
      "利比亚": [17.228331, 26.335141],
      "Libya": [17.228331, 26.335141],
      "苏丹": [30.219729, 12.862807],
      "Sudan": [30.219729, 12.862807],
      "埃塞俄比亚": [40.489673, 9.145000],
      "Ethiopia": [40.489673, 9.145000],
      "肯尼亚": [37.906193, -0.023559],
      "Kenya": [37.906193, -0.023559],
      "坦桑尼亚": [34.888822, -6.369028],
      "Tanzania": [34.888822, -6.369028],
      "乌干达": [32.290275, 1.373333],
      "Uganda": [32.290275, 1.373333],
      "安哥拉": [17.873887, -11.202692],
      "Angola": [17.873887, -11.202692],
      "莫桑比克": [35.529562, -18.665695],
      "Mozambique": [35.529562, -18.665695],
      "赞比亚": [27.849332, -13.133897],
      "Zambia": [27.849332, -13.133897],
      "津巴布韦": [29.154857, -19.015438],
      "Zimbabwe": [29.154857, -19.015438],
      "博茨瓦纳": [24.684866, -22.328474],
      "Botswana": [24.684866, -22.328474],
      "纳米比亚": [18.490410, -22.957640],
      "Namibia": [18.490410, -22.957640],
      "马拉维": [34.301525, -13.254308],
      "Malawi": [34.301525, -13.254308],
      "莱索托": [28.233608, -29.609988],
      "Lesotho": [28.233608, -29.609988],
      "斯威士兰": [31.463986, -26.525988],
      "Eswatini": [31.463986, -26.525988],
      "马达加斯加": [46.869107, -18.766947],
      "Madagascar": [46.869107, -18.766947],
      "毛里求斯": [57.552152, -20.348404],